,DATE,PROVINCE,REGION,NR_REPORTING,TOTAL_IN,TOTAL_IN_ICU,TOTAL_IN_RESP,TOTAL_IN_ECMO,NEW_IN,NEW_OUT,PROVINCE_NAME
0,2020-03-15,VAN,Flanders,14,50,9,4,0,8,8,Antwerpen
1,2020-03-15,BRU,Brussels,14,58,11,8,0,7,2,Brussels
2,2020-03-15,WHT,Wallonia,15,56,13,11,1,26,1,Hainaut
3,2020-03-15,VLI,Flanders,7,20,6,3,0,9,3,Limburg
4,2020-03-15,WLG,Wallonia,12,22,2,1,0,4,1,Liège
5,2020-03-15,WLX,Wallonia,3,4,0,0,0,3,0,Luxembourg
6,2020-03-15,WNA,Wallonia,6,2,1,1,0,0,0,Namur
7,2020-03-15,VOV,Flanders,14,16,5,1,0,5,1,OostVlaanderen
8,2020-03-15,VBR,Flanders,6,14,2,0,0,2,0,VlaamsBrabant
9,2020-03-15,WBR,Wallonia,2,5,2,2,0,1,0,BrabantWallon
10,2020-03-15,VWV,Flanders,11,19,3,1,0,6,2,WestVlaanderen
11,2020-03-16,VAN,Flanders,14,63,12,5,0,12,1,Antwerpen
12,2020-03-16,BRU,Brussels,15,81,14,11,0,11,4,Brussels
13,2020-03-16,WHT,Wallonia,13,89,19,14,1,28,0,Hainaut
14,2020-03-16,VLI,Flanders,7,25,9,4,0,7,0,Limburg
15,2020-03-16,WLG,Wallonia,13,24,2,2,0,2,1,Liège
16,2020-03-16,WLX,Wallonia,3,5,1,1,0,0,1,Luxembourg
17,2020-03-16,WNA,Wallonia,6,4,1,1,0,1,1,Namur
18,2020-03-16,VOV,Flanders,14,23,6,2,0,4,0,OostVlaanderen
19,2020-03-16,VBR,Flanders,6,23,7,2,0,13,0,VlaamsBrabant
20,2020-03-16,WBR,Wallonia,2,8,2,2,0,3,0,BrabantWallon
21,2020-03-16,VWV,Flanders,11,25,6,7,0,9,6,WestVlaanderen
22,2020-03-17,VAN,Flanders,14,89,14,10,1,17,5,Antwerpen
23,2020-03-17,BRU,Brussels,16,115,23,16,1,16,5,Brussels
24,2020-03-17,WHT,Wallonia,14,108,25,18,1,27,3,Hainaut
25,2020-03-17,VLI,Flanders,7,34,13,5,0,23,11,Limburg
26,2020-03-17,WLG,Wallonia,12,29,5,3,0,5,2,Liège
27,2020-03-17,WLX,Wallonia,3,8,1,0,0,2,0,Luxembourg
28,2020-03-17,WNA,Wallonia,6,4,1,1,0,0,0,Namur
29,2020-03-17,VOV,Flanders,14,32,8,4,0,10,2,OostVlaanderen
30,2020-03-17,VBR,Flanders,6,33,3,1,0,9,0,VlaamsBrabant
31,2020-03-17,WBR,Wallonia,2,10,2,2,0,3,1,BrabantWallon
32,2020-03-17,VWV,Flanders,11,35,5,6,0,11,2,WestVlaanderen
33,2020-03-18,VAN,Flanders,14,125,19,14,1,35,26,Antwerpen
34,2020-03-18,BRU,Brussels,16,124,29,18,2,18,5,Brussels
35,2020-03-18,WHT,Wallonia,14,130,29,21,1,25,4,Hainaut
36,2020-03-18,VLI,Flanders,7,57,18,7,0,26,2,Limburg
37,2020-03-18,WLG,Wallonia,12,41,2,2,0,13,4,Liège
38,2020-03-18,WLX,Wallonia,3,15,2,2,0,3,1,Luxembourg
39,2020-03-18,WNA,Wallonia,6,6,1,1,0,4,0,Namur
40,2020-03-18,VOV,Flanders,14,52,12,10,0,24,3,OostVlaanderen
41,2020-03-18,VBR,Flanders,5,36,7,4,0,5,2,VlaamsBrabant
42,2020-03-18,WBR,Wallonia,2,14,3,3,0,5,0,BrabantWallon
43,2020-03-18,VWV,Flanders,11,50,9,6,0,25,1,WestVlaanderen
44,2020-03-19,VAN,Flanders,14,155,22,16,1,35,6,Antwerpen
45,2020-03-19,BRU,Brussels,16,156,35,24,2,33,12,Brussels
46,2020-03-19,WHT,Wallonia,14,167,36,29,1,33,11,Hainaut
47,2020-03-19,VLI,Flanders,7,77,18,9,0,23,2,Limburg
48,2020-03-19,WLG,Wallonia,13,59,5,2,0,21,4,Liège
49,2020-03-19,WLX,Wallonia,3,23,6,3,0,10,2,Luxembourg
50,2020-03-19,WNA,Wallonia,6,8,2,1,0,1,0,Namur
51,2020-03-19,VOV,Flanders,14,59,16,12,0,22,6,OostVlaanderen
52,2020-03-19,VBR,Flanders,6,50,11,7,0,10,1,VlaamsBrabant
53,2020-03-19,WBR,Wallonia,2,15,4,4,0,2,1,BrabantWallon
54,2020-03-19,VWV,Flanders,11,75,10,8,0,22,4,WestVlaanderen
55,2020-03-20,VAN,Flanders,14,185,32,26,1,40,13,Antwerpen
56,2020-03-20,BRU,Brussels,16,193,46,32,2,29,4,Brussels
57,2020-03-20,WHT,Wallonia,14,216,38,36,2,42,5,Hainaut
58,2020-03-20,VLI,Flanders,7,114,27,13,0,38,7,Limburg
59,2020-03-20,WLG,Wallonia,12,78,18,13,1,30,4,Liège
60,2020-03-20,WLX,Wallonia,3,26,7,5,1,9,4,Luxembourg
61,2020-03-20,WNA,Wallonia,6,18,1,1,0,11,4,Namur
62,2020-03-20,VOV,Flanders,14,84,20,14,0,50,4,OostVlaanderen
63,2020-03-20,VBR,Flanders,6,67,18,11,0,17,2,VlaamsBrabant
64,2020-03-20,WBR,Wallonia,2,19,4,4,0,4,0,BrabantWallon
65,2020-03-20,VWV,Flanders,11,99,17,13,0,25,8,WestVlaanderen
66,2020-03-21,VAN,Flanders,14,219,38,30,1,46,16,Antwerpen
67,2020-03-21,BRU,Brussels,16,248,56,34,2,40,11,Brussels
68,2020-03-21,WHT,Wallonia,14,224,50,42,1,31,10,Hainaut
69,2020-03-21,VLI,Flanders,7,146,29,15,0,49,7,Limburg
70,2020-03-21,WLG,Wallonia,13,124,27,16,1,38,7,Liège
71,2020-03-21,WLX,Wallonia,3,36,9,8,0,11,2,Luxembourg
72,2020-03-21,WNA,Wallonia,6,22,4,3,1,9,0,Namur
73,2020-03-21,VOV,Flanders,14,126,29,19,0,52,8,OostVlaanderen
74,2020-03-21,VBR,Flanders,6,84,20,12,0,17,6,VlaamsBrabant
75,2020-03-21,WBR,Wallonia,2,24,5,4,0,6,0,BrabantWallon
76,2020-03-21,VWV,Flanders,11,131,23,17,0,33,7,WestVlaanderen
77,2020-03-22,VAN,Flanders,14,258,42,32,1,46,6,Antwerpen
78,2020-03-22,BRU,Brussels,16,283,58,42,2,41,13,Brussels
79,2020-03-22,WHT,Wallonia,14,268,59,46,2,37,5,Hainaut
80,2020-03-22,VLI,Flanders,7,166,30,24,0,46,10,Limburg
81,2020-03-22,WLG,Wallonia,13,171,29,23,1,35,11,Liège
82,2020-03-22,WLX,Wallonia,3,44,11,7,0,8,2,Luxembourg
83,2020-03-22,WNA,Wallonia,6,27,7,3,2,4,0,Namur
84,2020-03-22,VOV,Flanders,14,153,37,24,0,20,2,OostVlaanderen
85,2020-03-22,VBR,Flanders,5,91,17,12,0,20,5,VlaamsBrabant
86,2020-03-22,WBR,Wallonia,2,29,5,5,0,6,0,BrabantWallon
87,2020-03-22,VWV,Flanders,11,156,27,21,0,27,7,WestVlaanderen
88,2020-03-23,VAN,Flanders,14,308,56,42,1,46,7,Antwerpen
89,2020-03-23,BRU,Brussels,16,298,67,48,3,21,9,Brussels
90,2020-03-23,WHT,Wallonia,14,308,65,48,1,44,8,Hainaut
91,2020-03-23,VLI,Flanders,7,181,38,27,0,45,32,Limburg
92,2020-03-23,WLG,Wallonia,13,194,31,26,1,23,11,Liège
93,2020-03-23,WLX,Wallonia,3,47,18,10,0,4,0,Luxembourg
94,2020-03-23,WNA,Wallonia,6,34,7,6,0,9,3,Namur
95,2020-03-23,VOV,Flanders,14,166,41,32,0,22,4,OostVlaanderen
96,2020-03-23,VBR,Flanders,6,136,25,16,0,32,5,VlaamsBrabant
97,2020-03-23,WBR,Wallonia,2,31,6,6,0,3,0,BrabantWallon
98,2020-03-23,VWV,Flanders,11,180,31,25,0,29,3,WestVlaanderen
99,2020-03-24,VAN,Flanders,13,373,70,54,1,84,18,Antwerpen
100,2020-03-24,BRU,Brussels,15,319,77,49,4,52,17,Brussels
101,2020-03-24,WHT,Wallonia,14,336,77,58,1,38,11,Hainaut
102,2020-03-24,VLI,Flanders,7,235,44,32,0,83,16,Limburg
103,2020-03-24,WLG,Wallonia,12,196,38,27,1,28,14,Liège
104,2020-03-24,WLX,Wallonia,3,52,18,10,0,8,1,Luxembourg
105,2020-03-24,WNA,Wallonia,6,42,10,8,0,11,0,Namur
106,2020-03-24,VOV,Flanders,13,186,57,29,1,51,12,OostVlaanderen
107,2020-03-24,VBR,Flanders,6,148,37,19,0,23,14,VlaamsBrabant
108,2020-03-24,WBR,Wallonia,2,37,9,9,0,8,3,BrabantWallon
109,2020-03-24,VWV,Flanders,10,216,37,27,0,48,9,WestVlaanderen
110,2020-03-25,VAN,Flanders,14,495,98,72,1,99,10,Antwerpen
111,2020-03-25,BRU,Brussels,15,415,98,67,4,69,25,Brussels
112,2020-03-25,WHT,Wallonia,14,377,83,62,2,46,19,Hainaut
113,2020-03-25,VLI,Flanders,7,290,59,45,0,69,23,Limburg
114,2020-03-25,WLG,Wallonia,12,252,58,40,1,53,14,Liège
115,2020-03-25,WLX,Wallonia,3,63,20,11,0,10,2,Luxembourg
116,2020-03-25,WNA,Wallonia,6,56,13,10,0,18,5,Namur
117,2020-03-25,VOV,Flanders,14,263,76,47,1,53,10,OostVlaanderen
118,2020-03-25,VBR,Flanders,6,172,42,23,1,31,5,VlaamsBrabant
119,2020-03-25,WBR,Wallonia,2,40,10,10,0,9,3,BrabantWallon
120,2020-03-25,VWV,Flanders,11,298,55,35,0,83,12,WestVlaanderen
121,2020-03-26,VAN,Flanders,13,522,96,79,1,74,25,Antwerpen
122,2020-03-26,BRU,Brussels,16,482,114,83,3,76,30,Brussels
123,2020-03-26,WHT,Wallonia,14,416,95,69,2,50,19,Hainaut
124,2020-03-26,VLI,Flanders,7,323,71,54,0,54,19,Limburg
125,2020-03-26,WLG,Wallonia,12,286,68,50,2,60,23,Liège
126,2020-03-26,WLX,Wallonia,3,72,20,11,0,17,7,Luxembourg
127,2020-03-26,WNA,Wallonia,6,70,18,12,1,13,3,Namur
128,2020-03-26,VOV,Flanders,14,326,85,56,1,43,20,OostVlaanderen
129,2020-03-26,VBR,Flanders,6,187,43,30,1,38,9,VlaamsBrabant
130,2020-03-26,WBR,Wallonia,2,41,14,12,0,7,5,BrabantWallon
131,2020-03-26,VWV,Flanders,11,352,66,42,0,58,23,WestVlaanderen
132,2020-03-27,VAN,Flanders,14,627,122,100,2,76,39,Antwerpen
133,2020-03-27,BRU,Brussels,16,581,118,92,4,93,37,Brussels
134,2020-03-27,WHT,Wallonia,14,457,102,74,2,55,22,Hainaut
135,2020-03-27,VLI,Flanders,7,396,78,55,0,91,19,Limburg
136,2020-03-27,WLG,Wallonia,12,347,88,68,2,75,25,Liège
137,2020-03-27,WLX,Wallonia,3,84,18,11,0,16,1,Luxembourg
138,2020-03-27,WNA,Wallonia,6,79,22,20,2,11,0,Namur
139,2020-03-27,VOV,Flanders,14,393,99,64,2,53,28,OostVlaanderen
140,2020-03-27,VBR,Flanders,6,217,51,36,2,23,11,VlaamsBrabant
141,2020-03-27,WBR,Wallonia,2,56,14,13,0,12,1,BrabantWallon
142,2020-03-27,VWV,Flanders,11,413,77,46,0,70,22,WestVlaanderen
143,2020-03-28,VAN,Flanders,14,725,140,109,1,118,45,Antwerpen
144,2020-03-28,BRU,Brussels,16,630,136,108,5,90,52,Brussels
145,2020-03-28,WHT,Wallonia,14,548,115,99,4,84,28,Hainaut
146,2020-03-28,VLI,Flanders,7,418,89,58,0,48,18,Limburg
147,2020-03-28,WLG,Wallonia,12,375,95,75,3,52,40,Liège
148,2020-03-28,WLX,Wallonia,3,90,17,13,0,15,5,Luxembourg
149,2020-03-28,WNA,Wallonia,6,85,20,19,2,16,4,Namur
150,2020-03-28,VOV,Flanders,14,456,103,70,2,77,39,OostVlaanderen
151,2020-03-28,VBR,Flanders,6,247,50,41,3,47,22,VlaamsBrabant
152,2020-03-28,WBR,Wallonia,2,56,13,11,0,8,6,BrabantWallon
153,2020-03-28,VWV,Flanders,11,459,89,53,0,74,37,WestVlaanderen
154,2020-03-29,VAN,Flanders,14,770,151,125,1,64,30,Antwerpen
155,2020-03-29,BRU,Brussels,15,656,131,104,5,98,23,Brussels
156,2020-03-29,WHT,Wallonia,14,610,126,103,5,69,18,Hainaut
157,2020-03-29,VLI,Flanders,7,457,101,68,0,62,20,Limburg
158,2020-03-29,WLG,Wallonia,12,425,102,87,2,50,13,Liège
159,2020-03-29,WLX,Wallonia,3,101,17,14,0,11,2,Luxembourg
160,2020-03-29,WNA,Wallonia,6,102,26,23,2,22,7,Namur
161,2020-03-29,VOV,Flanders,14,514,113,78,1,72,21,OostVlaanderen
162,2020-03-29,VBR,Flanders,6,269,66,42,3,29,15,VlaamsBrabant
163,2020-03-29,WBR,Wallonia,2,60,15,12,0,7,3,BrabantWallon
164,2020-03-29,VWV,Flanders,11,516,94,53,0,61,17,WestVlaanderen
165,2020-03-30,VAN,Flanders,14,818,162,128,1,77,31,Antwerpen
166,2020-03-30,BRU,Brussels,15,790,164,132,6,53,31,Brussels
167,2020-03-30,WHT,Wallonia,14,646,131,112,4,54,19,Hainaut
168,2020-03-30,VLI,Flanders,7,481,110,79,0,41,15,Limburg
169,2020-03-30,WLG,Wallonia,12,476,114,97,2,66,13,Liège
170,2020-03-30,WLX,Wallonia,3,107,18,14,0,12,7,Luxembourg
171,2020-03-30,WNA,Wallonia,6,112,30,25,2,13,2,Namur
172,2020-03-30,VOV,Flanders,14,570,121,80,1,78,28,OostVlaanderen
173,2020-03-30,VBR,Flanders,6,290,62,46,4,26,8,VlaamsBrabant
174,2020-03-30,WBR,Wallonia,2,69,18,15,0,9,1,BrabantWallon
175,2020-03-30,VWV,Flanders,11,538,91,58,0,49,13,WestVlaanderen
176,2020-03-31,VAN,Flanders,14,816,179,146,1,88,98,Antwerpen
177,2020-03-31,BRU,Brussels,16,818,176,139,7,101,71,Brussels
178,2020-03-31,WHT,Wallonia,14,637,132,114,5,54,55,Hainaut
179,2020-03-31,VLI,Flanders,7,512,112,72,0,87,42,Limburg
180,2020-03-31,WLG,Wallonia,12,500,119,103,3,58,34,Liège
181,2020-03-31,WLX,Wallonia,3,103,20,15,0,6,10,Luxembourg
182,2020-03-31,WNA,Wallonia,6,118,33,29,3,16,4,Namur
183,2020-03-31,VOV,Flanders,14,591,130,87,1,67,50,OostVlaanderen
184,2020-03-31,VBR,Flanders,6,289,66,49,4,22,30,VlaamsBrabant
185,2020-03-31,WBR,Wallonia,2,64,18,17,0,6,4,BrabantWallon
186,2020-03-31,VWV,Flanders,11,541,103,63,0,48,38,WestVlaanderen
187,2020-04-01,VAN,Flanders,14,862,202,168,1,96,64,Antwerpen
188,2020-04-01,BRU,Brussels,16,843,183,144,10,85,45,Brussels
189,2020-04-01,WHT,Wallonia,14,677,139,123,6,70,37,Hainaut
190,2020-04-01,VLI,Flanders,7,503,109,82,0,46,34,Limburg
191,2020-04-01,WLG,Wallonia,12,523,130,116,4,73,40,Liège
192,2020-04-01,WLX,Wallonia,3,111,22,18,0,19,12,Luxembourg
193,2020-04-01,WNA,Wallonia,6,130,34,30,3,20,4,Namur
194,2020-04-01,VOV,Flanders,14,614,132,88,1,67,53,OostVlaanderen
195,2020-04-01,VBR,Flanders,6,330,72,56,4,42,22,VlaamsBrabant
196,2020-04-01,WBR,Wallonia,2,61,17,15,0,5,10,BrabantWallon
197,2020-04-01,VWV,Flanders,11,566,104,66,0,61,42,WestVlaanderen
198,2020-04-02,VAN,Flanders,14,875,211,166,1,85,64,Antwerpen
199,2020-04-02,BRU,Brussels,15,902,196,158,7,107,50,Brussels
200,2020-04-02,WHT,Wallonia,14,678,150,125,7,47,50,Hainaut
201,2020-04-02,VLI,Flanders,7,500,105,78,0,54,37,Limburg
202,2020-04-02,WLG,Wallonia,12,570,135,120,3,88,49,Liège
203,2020-04-02,WLX,Wallonia,3,116,22,15,0,14,6,Luxembourg
204,2020-04-02,WNA,Wallonia,6,140,37,20,2,19,4,Namur
205,2020-04-02,VOV,Flanders,14,616,142,96,3,56,50,OostVlaanderen
206,2020-04-02,VBR,Flanders,6,343,79,55,5,31,23,VlaamsBrabant
207,2020-04-02,WBR,Wallonia,2,65,19,16,0,7,4,BrabantWallon
208,2020-04-02,VWV,Flanders,11,578,109,67,0,60,40,WestVlaanderen
209,2020-04-03,VAN,Flanders,13,851,214,175,1,76,64,Antwerpen
210,2020-04-03,BRU,Brussels,16,914,196,164,11,62,80,Brussels
211,2020-04-03,WHT,Wallonia,15,705,155,128,7,47,25,Hainaut
212,2020-04-03,VLI,Flanders,7,516,105,73,0,67,36,Limburg
213,2020-04-03,WLG,Wallonia,12,573,145,129,2,37,32,Liège
214,2020-04-03,WLX,Wallonia,3,121,25,20,0,15,10,Luxembourg
215,2020-04-03,WNA,Wallonia,6,144,39,31,2,8,7,Namur
216,2020-04-03,VOV,Flanders,14,642,150,111,3,52,49,OostVlaanderen
217,2020-04-03,VBR,Flanders,6,344,84,59,5,26,25,VlaamsBrabant
218,2020-04-03,WBR,Wallonia,2,64,17,15,0,6,4,BrabantWallon
219,2020-04-03,VWV,Flanders,11,639,115,80,0,108,43,WestVlaanderen
220,2020-04-04,VAN,Flanders,14,916,230,191,2,68,81,Antwerpen
221,2020-04-04,BRU,Brussels,16,888,197,164,12,75,99,Brussels
222,2020-04-04,WHT,Wallonia,14,706,154,125,7,58,51,Hainaut
223,2020-04-04,VLI,Flanders,7,506,109,71,0,43,60,Limburg
224,2020-04-04,WLG,Wallonia,12,585,147,135,3,63,41,Liège
225,2020-04-04,WLX,Wallonia,3,113,25,20,0,11,14,Luxembourg
226,2020-04-04,WNA,Wallonia,6,144,39,33,0,12,12,Namur
227,2020-04-04,VOV,Flanders,14,644,153,115,2,73,67,OostVlaanderen
228,2020-04-04,VBR,Flanders,6,307,69,56,5,23,27,VlaamsBrabant
229,2020-04-04,WBR,Wallonia,2,57,17,15,0,7,9,BrabantWallon
230,2020-04-04,VWV,Flanders,11,665,121,77,0,66,43,WestVlaanderen
231,2020-04-05,VAN,Flanders,14,939,222,185,2,59,39,Antwerpen
232,2020-04-05,BRU,Brussels,15,899,203,164,14,66,44,Brussels
233,2020-04-05,WHT,Wallonia,14,728,149,123,9,41,16,Hainaut
234,2020-04-05,VLI,Flanders,7,485,103,70,0,34,37,Limburg
235,2020-04-05,WLG,Wallonia,12,603,152,144,2,32,21,Liège
236,2020-04-05,WLX,Wallonia,3,119,28,24,0,3,1,Luxembourg
237,2020-04-05,WNA,Wallonia,6,151,41,34,2,14,4,Namur
238,2020-04-05,VOV,Flanders,14,659,151,117,2,41,28,OostVlaanderen
239,2020-04-05,VBR,Flanders,6,313,71,52,5,26,16,VlaamsBrabant
240,2020-04-05,WBR,Wallonia,2,63,19,17,0,6,1,BrabantWallon
241,2020-04-05,VWV,Flanders,11,661,128,83,1,36,28,WestVlaanderen
242,2020-04-06,VAN,Flanders,14,965,223,188,2,46,36,Antwerpen
243,2020-04-06,BRU,Brussels,15,921,203,165,15,47,31,Brussels
244,2020-04-06,WHT,Wallonia,14,726,145,121,8,32,16,Hainaut
245,2020-04-06,VLI,Flanders,7,502,97,64,0,32,10,Limburg
246,2020-04-06,WLG,Wallonia,12,619,151,143,3,36,24,Liège
247,2020-04-06,WLX,Wallonia,3,125,28,21,0,11,3,Luxembourg
248,2020-04-06,WNA,Wallonia,6,148,41,32,2,6,2,Namur
249,2020-04-06,VOV,Flanders,14,691,154,116,2,50,16,OostVlaanderen
250,2020-04-06,VBR,Flanders,6,320,72,58,5,17,7,VlaamsBrabant
251,2020-04-06,WBR,Wallonia,2,66,19,14,0,4,1,BrabantWallon
252,2020-04-06,VWV,Flanders,11,676,127,77,1,33,25,WestVlaanderen
253,2020-04-07,VAN,Flanders,14,960,230,183,2,86,79,Antwerpen
254,2020-04-07,BRU,Brussels,16,938,202,172,18,79,78,Brussels
255,2020-04-07,WHT,Wallonia,15,707,147,120,9,48,78,Hainaut
256,2020-04-07,VLI,Flanders,7,491,98,71,3,45,48,Limburg
257,2020-04-07,WLG,Wallonia,12,612,153,142,3,45,49,Liège
258,2020-04-07,WLX,Wallonia,3,125,27,19,0,12,12,Luxembourg
259,2020-04-07,WNA,Wallonia,6,141,41,34,2,15,16,Namur
260,2020-04-07,VOV,Flanders,14,691,157,122,2,61,75,OostVlaanderen
261,2020-04-07,VBR,Flanders,6,311,73,56,5,31,33,VlaamsBrabant
262,2020-04-07,WBR,Wallonia,2,66,16,13,0,5,3,BrabantWallon
263,2020-04-07,VWV,Flanders,11,673,132,76,1,63,53,WestVlaanderen
264,2020-04-08,VAN,Flanders,14,940,229,181,2,52,75,Antwerpen
265,2020-04-08,BRU,Brussels,15,911,193,161,18,68,79,Brussels
266,2020-04-08,WHT,Wallonia,14,682,150,125,9,52,53,Hainaut
267,2020-04-08,VLI,Flanders,7,480,96,71,3,59,61,Limburg
268,2020-04-08,WLG,Wallonia,12,622,161,144,2,53,45,Liège
269,2020-04-08,WLX,Wallonia,3,116,27,17,0,12,17,Luxembourg
270,2020-04-08,WNA,Wallonia,6,173,48,35,3,39,6,Namur
271,2020-04-08,VOV,Flanders,14,670,161,116,2,48,62,OostVlaanderen
272,2020-04-08,VBR,Flanders,6,303,74,57,6,22,23,VlaamsBrabant
273,2020-04-08,WBR,Wallonia,2,67,15,11,0,9,7,BrabantWallon
274,2020-04-08,VWV,Flanders,11,652,131,76,1,45,55,WestVlaanderen
275,2020-04-09,VAN,Flanders,14,917,219,184,2,60,69,Antwerpen
276,2020-04-09,BRU,Brussels,15,907,198,156,17,80,72,Brussels
277,2020-04-09,WHT,Wallonia,14,712,154,125,9,67,44,Hainaut
278,2020-04-09,VLI,Flanders,7,475,93,74,3,42,36,Limburg
279,2020-04-09,WLG,Wallonia,12,639,161,148,2,49,46,Liège
280,2020-04-09,WLX,Wallonia,3,111,27,19,0,13,7,Luxembourg
281,2020-04-09,WNA,Wallonia,6,182,50,35,3,26,13,Namur
282,2020-04-09,VOV,Flanders,14,677,163,116,2,49,45,OostVlaanderen
283,2020-04-09,VBR,Flanders,6,303,78,53,6,22,20,VlaamsBrabant
284,2020-04-09,WBR,Wallonia,2,69,13,11,0,9,4,BrabantWallon
285,2020-04-09,VWV,Flanders,11,644,122,72,0,45,48,WestVlaanderen
286,2020-04-10,VAN,Flanders,14,907,216,181,3,44,78,Antwerpen
287,2020-04-10,BRU,Brussels,16,902,197,158,18,59,82,Brussels
288,2020-04-10,WHT,Wallonia,14,741,146,119,11,57,29,Hainaut
289,2020-04-10,VLI,Flanders,7,481,101,72,3,45,42,Limburg
290,2020-04-10,WLG,Wallonia,12,629,156,141,2,46,40,Liège
291,2020-04-10,WLX,Wallonia,3,118,24,19,0,9,4,Luxembourg
292,2020-04-10,WNA,Wallonia,6,187,51,32,4,17,12,Namur
293,2020-04-10,VOV,Flanders,14,691,167,127,2,61,49,OostVlaanderen
294,2020-04-10,VBR,Flanders,6,298,73,51,5,29,27,VlaamsBrabant
295,2020-04-10,WBR,Wallonia,2,68,15,10,0,5,5,BrabantWallon
296,2020-04-10,VWV,Flanders,11,641,116,71,0,49,50,WestVlaanderen
297,2020-04-11,VAN,Flanders,14,895,208,164,4,60,83,Antwerpen
298,2020-04-11,BRU,Brussels,14,798,179,142,14,43,61,Brussels
299,2020-04-11,WHT,Wallonia,14,764,145,116,11,64,67,Hainaut
300,2020-04-11,VLI,Flanders,7,450,94,74,2,47,64,Limburg
301,2020-04-11,WLG,Wallonia,12,593,155,139,2,39,50,Liège
302,2020-04-11,WLX,Wallonia,3,112,21,18,1,8,9,Luxembourg
303,2020-04-11,WNA,Wallonia,6,188,50,35,4,15,7,Namur
304,2020-04-11,VOV,Flanders,14,652,172,120,3,53,68,OostVlaanderen
305,2020-04-11,VBR,Flanders,6,285,74,49,4,17,22,VlaamsBrabant
306,2020-04-11,WBR,Wallonia,2,67,15,11,0,5,5,BrabantWallon
307,2020-04-11,VWV,Flanders,11,633,119,69,0,42,46,WestVlaanderen
308,2020-04-12,VAN,Flanders,14,877,212,170,4,34,56,Antwerpen
309,2020-04-12,BRU,Brussels,15,819,179,140,14,49,30,Brussels
310,2020-04-12,WHT,Wallonia,14,748,140,110,10,40,27,Hainaut
311,2020-04-12,VLI,Flanders,7,451,96,71,2,24,21,Limburg
312,2020-04-12,WLG,Wallonia,12,587,155,141,2,18,23,Liège
313,2020-04-12,WLX,Wallonia,3,107,20,17,1,3,6,Luxembourg
314,2020-04-12,WNA,Wallonia,6,184,50,34,4,8,4,Namur
315,2020-04-12,VOV,Flanders,14,673,179,124,3,26,38,OostVlaanderen
316,2020-04-12,VBR,Flanders,6,293,75,49,4,20,9,VlaamsBrabant
317,2020-04-12,WBR,Wallonia,2,71,15,11,0,8,2,BrabantWallon
318,2020-04-12,VWV,Flanders,11,631,113,73,0,40,23,WestVlaanderen
319,2020-04-13,VAN,Flanders,14,856,212,165,4,33,51,Antwerpen
320,2020-04-13,BRU,Brussels,15,908,189,138,15,37,35,Brussels
321,2020-04-13,WHT,Wallonia,14,758,137,108,9,25,10,Hainaut
322,2020-04-13,VLI,Flanders,7,450,95,71,2,23,12,Limburg
323,2020-04-13,WLG,Wallonia,12,582,153,129,2,20,14,Liège
324,2020-04-13,WLX,Wallonia,3,109,20,17,1,6,2,Luxembourg
325,2020-04-13,WNA,Wallonia,6,190,48,35,4,10,1,Namur
326,2020-04-13,VOV,Flanders,14,680,164,119,4,31,16,OostVlaanderen
327,2020-04-13,VBR,Flanders,6,295,70,48,4,14,3,VlaamsBrabant
328,2020-04-13,WBR,Wallonia,2,70,15,11,0,2,3,BrabantWallon
329,2020-04-13,VWV,Flanders,11,656,123,74,0,41,14,WestVlaanderen
330,2020-04-14,VAN,Flanders,14,843,207,168,4,41,50,Antwerpen
331,2020-04-14,BRU,Brussels,15,897,187,143,16,31,41,Brussels
332,2020-04-14,WHT,Wallonia,14,763,134,101,8,34,17,Hainaut
333,2020-04-14,VLI,Flanders,7,463,98,71,2,30,13,Limburg
334,2020-04-14,WLG,Wallonia,12,575,150,123,2,8,36,Liège
335,2020-04-14,WLX,Wallonia,3,112,22,18,1,10,3,Luxembourg
336,2020-04-14,WNA,Wallonia,6,191,48,32,4,9,5,Namur
337,2020-04-14,VOV,Flanders,14,666,152,109,4,39,28,OostVlaanderen
338,2020-04-14,VBR,Flanders,6,298,69,43,4,11,11,VlaamsBrabant
339,2020-04-14,WBR,Wallonia,2,70,14,11,0,2,2,BrabantWallon
340,2020-04-14,VWV,Flanders,11,654,123,70,0,35,33,WestVlaanderen
341,2020-04-15,VAN,Flanders,14,803,205,167,4,33,78,Antwerpen
342,2020-04-15,BRU,Brussels,16,857,174,139,14,45,71,Brussels
343,2020-04-15,WHT,Wallonia,14,730,137,104,8,29,58,Hainaut
344,2020-04-15,VLI,Flanders,7,439,93,69,2,32,46,Limburg
345,2020-04-15,WLG,Wallonia,12,552,147,117,2,31,54,Liège
346,2020-04-15,WLX,Wallonia,3,101,21,18,1,7,15,Luxembourg
347,2020-04-15,WNA,Wallonia,6,189,49,33,5,7,12,Namur
348,2020-04-15,VOV,Flanders,14,650,155,107,4,43,50,OostVlaanderen
349,2020-04-15,VBR,Flanders,6,287,66,40,3,18,18,VlaamsBrabant
350,2020-04-15,WBR,Wallonia,2,67,12,10,0,2,4,BrabantWallon
351,2020-04-15,VWV,Flanders,11,656,123,64,0,63,49,WestVlaanderen
352,2020-04-16,VAN,Flanders,14,817,200,156,4,48,58,Antwerpen
353,2020-04-16,BRU,Brussels,15,822,172,138,17,46,65,Brussels
354,2020-04-16,WHT,Wallonia,14,714,135,106,8,63,54,Hainaut
355,2020-04-16,VLI,Flanders,7,411,91,68,1,35,46,Limburg
356,2020-04-16,WLG,Wallonia,12,519,142,108,2,19,39,Liège
357,2020-04-16,WLX,Wallonia,3,99,20,18,1,7,6,Luxembourg
358,2020-04-16,WNA,Wallonia,6,193,46,28,3,17,7,Namur
359,2020-04-16,VOV,Flanders,14,651,156,107,2,40,49,OostVlaanderen
360,2020-04-16,VBR,Flanders,6,272,60,40,3,21,34,VlaamsBrabant
361,2020-04-16,WBR,Wallonia,2,65,14,10,0,2,5,BrabantWallon
362,2020-04-16,VWV,Flanders,11,618,114,67,1,22,36,WestVlaanderen
363,2020-04-17,VAN,Flanders,14,804,193,153,4,48,51,Antwerpen
364,2020-04-17,BRU,Brussels,15,824,174,130,17,47,53,Brussels
365,2020-04-17,WHT,Wallonia,14,734,128,94,11,48,50,Hainaut
366,2020-04-17,VLI,Flanders,7,392,92,68,1,31,44,Limburg
367,2020-04-17,WLG,Wallonia,12,501,135,100,2,26,44,Liège
368,2020-04-17,WLX,Wallonia,3,96,22,19,1,4,5,Luxembourg
369,2020-04-17,WNA,Wallonia,6,182,42,28,4,10,14,Namur
370,2020-04-17,VOV,Flanders,14,625,144,99,4,32,50,OostVlaanderen
371,2020-04-17,VBR,Flanders,6,263,59,36,4,21,21,VlaamsBrabant
372,2020-04-17,WBR,Wallonia,2,57,14,13,0,2,9,BrabantWallon
373,2020-04-17,VWV,Flanders,11,610,116,69,0,34,46,WestVlaanderen
374,2020-04-18,VAN,Flanders,14,776,188,151,4,21,54,Antwerpen
375,2020-04-18,BRU,Brussels,15,807,173,130,14,40,55,Brussels
376,2020-04-18,WHT,Wallonia,14,701,126,92,7,42,57,Hainaut
377,2020-04-18,VLI,Flanders,7,381,88,63,1,41,41,Limburg
378,2020-04-18,WLG,Wallonia,12,490,128,90,2,37,44,Liège
379,2020-04-18,WLX,Wallonia,3,92,21,18,0,7,12,Luxembourg
380,2020-04-18,WNA,Wallonia,6,173,43,28,3,7,8,Namur
381,2020-04-18,VOV,Flanders,14,587,130,95,3,35,61,OostVlaanderen
382,2020-04-18,VBR,Flanders,6,244,58,32,3,13,25,VlaamsBrabant
383,2020-04-18,WBR,Wallonia,3,57,13,11,1,1,3,BrabantWallon
384,2020-04-18,VWV,Flanders,11,584,113,71,2,21,49,WestVlaanderen
385,2020-04-19,VAN,Flanders,14,793,184,148,4,38,19,Antwerpen
386,2020-04-19,BRU,Brussels,15,798,175,128,15,36,33,Brussels
387,2020-04-19,WHT,Wallonia,14,695,121,91,8,30,14,Hainaut
388,2020-04-19,VLI,Flanders,7,381,86,65,1,27,17,Limburg
389,2020-04-19,WLG,Wallonia,12,504,128,91,2,25,10,Liège
390,2020-04-19,WLX,Wallonia,3,94,22,18,0,3,1,Luxembourg
391,2020-04-19,WNA,Wallonia,6,180,41,25,4,9,1,Namur
392,2020-04-19,VOV,Flanders,14,603,137,91,2,27,11,OostVlaanderen
393,2020-04-19,VBR,Flanders,6,255,57,32,2,13,8,VlaamsBrabant
394,2020-04-19,WBR,Wallonia,2,51,12,9,0,2,1,BrabantWallon
395,2020-04-19,VWV,Flanders,11,586,108,62,1,22,23,WestVlaanderen
396,2020-04-20,VAN,Flanders,14,789,176,144,5,18,27,Antwerpen
397,2020-04-20,BRU,Brussels,15,802,183,133,16,18,16,Brussels
398,2020-04-20,WHT,Wallonia,14,721,121,95,9,46,15,Hainaut
399,2020-04-20,VLI,Flanders,7,376,84,66,1,12,13,Limburg
400,2020-04-20,WLG,Wallonia,12,502,128,96,2,12,14,Liège
401,2020-04-20,WLX,Wallonia,3,93,23,15,0,1,1,Luxembourg
402,2020-04-20,WNA,Wallonia,6,195,43,26,4,17,1,Namur
403,2020-04-20,VOV,Flanders,14,617,143,95,2,20,6,OostVlaanderen
404,2020-04-20,VBR,Flanders,6,248,56,30,2,6,5,VlaamsBrabant
405,2020-04-20,WBR,Wallonia,2,50,12,9,0,0,0,BrabantWallon
406,2020-04-20,VWV,Flanders,11,603,110,68,1,22,8,WestVlaanderen
407,2020-04-21,VAN,Flanders,14,747,170,133,4,39,76,Antwerpen
408,2020-04-21,BRU,Brussels,15,747,168,128,15,27,74,Brussels
409,2020-04-21,WHT,Wallonia,14,693,116,87,9,53,66,Hainaut
410,2020-04-21,VLI,Flanders,7,360,77,60,1,22,30,Limburg
411,2020-04-21,WLG,Wallonia,12,483,121,93,2,31,37,Liège
412,2020-04-21,WLX,Wallonia,3,91,19,14,0,7,7,Luxembourg
413,2020-04-21,WNA,Wallonia,6,184,39,25,4,8,17,Namur
414,2020-04-21,VOV,Flanders,14,597,136,91,2,28,55,OostVlaanderen
415,2020-04-21,VBR,Flanders,6,242,56,29,4,17,17,VlaamsBrabant
416,2020-04-21,WBR,Wallonia,2,47,13,10,0,3,6,BrabantWallon
417,2020-04-21,VWV,Flanders,11,574,105,63,1,28,47,WestVlaanderen
418,2020-04-22,VAN,Flanders,14,702,164,128,4,19,68,Antwerpen
419,2020-04-22,BRU,Brussels,15,723,170,128,17,44,56,Brussels
420,2020-04-22,WHT,Wallonia,14,676,113,77,8,49,52,Hainaut
421,2020-04-22,VLI,Flanders,7,341,79,62,1,14,25,Limburg
422,2020-04-22,WLG,Wallonia,12,466,118,90,2,23,40,Liège
423,2020-04-22,WLX,Wallonia,3,83,18,14,0,3,9,Luxembourg
424,2020-04-22,WNA,Wallonia,6,181,42,25,4,14,12,Namur
425,2020-04-22,VOV,Flanders,14,542,135,84,1,20,47,OostVlaanderen
426,2020-04-22,VBR,Flanders,6,220,51,30,5,7,16,VlaamsBrabant
427,2020-04-22,WBR,Wallonia,2,39,12,9,0,0,7,BrabantWallon
428,2020-04-22,VWV,Flanders,11,554,91,56,1,18,35,WestVlaanderen
429,2020-04-23,VAN,Flanders,14,681,163,129,5,35,48,Antwerpen
430,2020-04-23,BRU,Brussels,16,718,165,121,17,36,40,Brussels
431,2020-04-23,WHT,Wallonia,14,653,115,77,8,34,34,Hainaut
432,2020-04-23,VLI,Flanders,7,318,74,59,1,12,25,Limburg
433,2020-04-23,WLG,Wallonia,12,435,109,77,0,21,45,Liège
434,2020-04-23,WLX,Wallonia,3,80,17,12,0,7,10,Luxembourg
435,2020-04-23,WNA,Wallonia,6,168,43,26,4,5,14,Namur
436,2020-04-23,VOV,Flanders,14,522,132,79,1,19,38,OostVlaanderen
437,2020-04-23,VBR,Flanders,6,210,49,32,7,9,18,VlaamsBrabant
438,2020-04-23,WBR,Wallonia,2,35,12,9,0,3,6,BrabantWallon
439,2020-04-23,VWV,Flanders,11,535,91,60,1,29,44,WestVlaanderen
440,2020-04-24,VAN,Flanders,14,650,154,116,5,30,36,Antwerpen
441,2020-04-24,BRU,Brussels,15,706,165,113,17,36,48,Brussels
442,2020-04-24,WHT,Wallonia,14,648,103,74,11,41,33,Hainaut
443,2020-04-24,VLI,Flanders,7,315,76,53,1,22,26,Limburg
444,2020-04-24,WLG,Wallonia,12,418,102,75,0,24,34,Liège
445,2020-04-24,WLX,Wallonia,3,74,16,12,0,2,6,Luxembourg
446,2020-04-24,WNA,Wallonia,6,152,37,22,4,4,16,Namur
447,2020-04-24,VOV,Flanders,14,481,130,77,1,17,38,OostVlaanderen
448,2020-04-24,VBR,Flanders,6,206,52,29,6,14,15,VlaamsBrabant
449,2020-04-24,WBR,Wallonia,2,35,11,9,0,2,1,BrabantWallon
450,2020-04-24,VWV,Flanders,11,510,88,55,1,25,42,WestVlaanderen
451,2020-04-25,VAN,Flanders,14,621,154,111,4,35,62,Antwerpen
452,2020-04-25,BRU,Brussels,15,667,158,109,15,30,53,Brussels
453,2020-04-25,WHT,Wallonia,14,583,94,72,9,27,64,Hainaut
454,2020-04-25,VLI,Flanders,7,311,76,45,2,28,28,Limburg
455,2020-04-25,WLG,Wallonia,12,384,101,80,0,4,26,Liège
456,2020-04-25,WLX,Wallonia,3,69,13,12,0,4,11,Luxembourg
457,2020-04-25,WNA,Wallonia,6,142,35,23,5,7,17,Namur
458,2020-04-25,VOV,Flanders,14,463,124,74,0,29,41,OostVlaanderen
459,2020-04-25,VBR,Flanders,6,200,50,30,7,16,18,VlaamsBrabant
460,2020-04-25,WBR,Wallonia,2,37,10,7,0,4,2,BrabantWallon
461,2020-04-25,VWV,Flanders,11,480,86,57,1,18,46,WestVlaanderen
462,2020-04-26,VAN,Flanders,14,607,157,109,4,12,19,Antwerpen
463,2020-04-26,BRU,Brussels,15,671,156,108,15,26,12,Brussels
464,2020-04-26,WHT,Wallonia,14,593,98,70,9,22,13,Hainaut
465,2020-04-26,VLI,Flanders,7,308,79,49,2,16,15,Limburg
466,2020-04-26,WLG,Wallonia,12,394,103,73,1,11,3,Liège
467,2020-04-26,WLX,Wallonia,3,70,15,10,0,2,2,Luxembourg
468,2020-04-26,WNA,Wallonia,6,144,32,22,6,7,2,Namur
469,2020-04-26,VOV,Flanders,14,462,121,70,0,17,10,OostVlaanderen
470,2020-04-26,VBR,Flanders,6,198,48,27,7,4,4,VlaamsBrabant
471,2020-04-26,WBR,Wallonia,2,38,11,6,0,1,0,BrabantWallon
472,2020-04-26,VWV,Flanders,11,483,83,56,1,9,13,WestVlaanderen
473,2020-04-27,VAN,Flanders,14,606,145,102,4,21,15,Antwerpen
474,2020-04-27,BRU,Brussels,15,679,157,109,15,24,10,Brussels
475,2020-04-27,WHT,Wallonia,14,599,92,65,7,23,8,Hainaut
476,2020-04-27,VLI,Flanders,7,312,79,45,2,7,5,Limburg
477,2020-04-27,WLG,Wallonia,12,397,96,62,1,11,12,Liège
478,2020-04-27,WLX,Wallonia,3,72,14,10,0,3,1,Luxembourg
479,2020-04-27,WNA,Wallonia,6,144,31,21,4,6,2,Namur
480,2020-04-27,VOV,Flanders,14,466,125,66,0,12,4,OostVlaanderen
481,2020-04-27,VBR,Flanders,6,189,40,22,7,5,2,VlaamsBrabant
482,2020-04-27,WBR,Wallonia,2,38,13,11,0,0,0,BrabantWallon
483,2020-04-27,VWV,Flanders,11,474,84,53,1,11,6,WestVlaanderen
484,2020-04-28,VAN,Flanders,14,603,135,98,4,36,54,Antwerpen
485,2020-04-28,BRU,Brussels,15,651,147,105,14,25,43,Brussels
486,2020-04-28,WHT,Wallonia,14,543,83,59,7,20,66,Hainaut
487,2020-04-28,VLI,Flanders,7,295,72,46,3,14,16,Limburg
488,2020-04-28,WLG,Wallonia,12,364,85,56,1,19,37,Liège
489,2020-04-28,WLX,Wallonia,3,64,12,9,0,0,5,Luxembourg
490,2020-04-28,WNA,Wallonia,6,134,27,20,4,13,16,Namur
491,2020-04-28,VOV,Flanders,14,424,111,62,0,14,40,OostVlaanderen
492,2020-04-28,VBR,Flanders,6,176,35,20,7,13,20,VlaamsBrabant
493,2020-04-28,WBR,Wallonia,2,36,12,10,0,0,3,BrabantWallon
494,2020-04-28,VWV,Flanders,11,443,78,49,3,20,40,WestVlaanderen
495,2020-04-29,VAN,Flanders,14,585,134,94,5,18,47,Antwerpen
496,2020-04-29,BRU,Brussels,15,648,143,103,14,26,28,Brussels
497,2020-04-29,WHT,Wallonia,14,529,80,58,7,29,42,Hainaut
498,2020-04-29,VLI,Flanders,7,287,67,43,3,26,30,Limburg
499,2020-04-29,WLG,Wallonia,12,324,81,53,1,14,28,Liège
500,2020-04-29,WLX,Wallonia,3,67,11,7,0,6,3,Luxembourg
501,2020-04-29,WNA,Wallonia,6,130,25,18,5,6,11,Namur
502,2020-04-29,VOV,Flanders,14,401,106,57,0,21,47,OostVlaanderen
503,2020-04-29,VBR,Flanders,6,170,30,23,7,10,14,VlaamsBrabant
504,2020-04-29,WBR,Wallonia,2,37,12,11,0,2,4,BrabantWallon
505,2020-04-29,VWV,Flanders,11,431,80,50,3,20,39,WestVlaanderen
506,2020-04-30,VAN,Flanders,14,544,128,88,5,22,49,Antwerpen
507,2020-04-30,BRU,Brussels,15,615,140,99,16,30,50,Brussels
508,2020-04-30,WHT,Wallonia,14,509,84,57,6,24,38,Hainaut
509,2020-04-30,VLI,Flanders,7,272,59,40,3,17,23,Limburg
510,2020-04-30,WLG,Wallonia,12,302,79,51,1,17,21,Liège
511,2020-04-30,WLX,Wallonia,3,62,11,6,0,1,7,Luxembourg
512,2020-04-30,WNA,Wallonia,6,128,26,18,5,9,9,Namur
513,2020-04-30,VOV,Flanders,14,369,101,56,0,8,39,OostVlaanderen
514,2020-04-30,VBR,Flanders,6,153,30,22,6,7,21,VlaamsBrabant
515,2020-04-30,WBR,Wallonia,2,35,11,10,0,3,2,BrabantWallon
516,2020-04-30,VWV,Flanders,11,397,80,44,1,14,57,WestVlaanderen
517,2020-05-01,VAN,Flanders,14,524,124,84,5,14,53,Antwerpen
518,2020-05-01,BRU,Brussels,15,574,129,94,15,15,41,Brussels
519,2020-05-01,WHT,Wallonia,14,429,68,51,7,14,58,Hainaut
520,2020-05-01,VLI,Flanders,7,255,57,33,3,21,27,Limburg
521,2020-05-01,WLG,Wallonia,12,273,66,47,1,12,30,Liège
522,2020-05-01,WLX,Wallonia,3,54,11,6,0,1,6,Luxembourg
523,2020-05-01,WNA,Wallonia,6,115,26,17,2,7,16,Namur
524,2020-05-01,VOV,Flanders,14,344,94,54,0,20,30,OostVlaanderen
525,2020-05-01,VBR,Flanders,6,136,30,17,5,8,13,VlaamsBrabant
526,2020-05-01,WBR,Wallonia,2,35,11,9,0,3,4,BrabantWallon
527,2020-05-01,VWV,Flanders,11,370,74,40,3,13,41,WestVlaanderen
528,2020-05-02,VAN,Flanders,14,525,126,77,5,18,22,Antwerpen
529,2020-05-02,BRU,Brussels,15,558,124,92,14,6,17,Brussels
530,2020-05-02,WHT,Wallonia,14,425,73,51,6,12,10,Hainaut
531,2020-05-02,VLI,Flanders,7,252,61,32,3,7,5,Limburg
532,2020-05-02,WLG,Wallonia,12,276,69,42,0,12,10,Liège
533,2020-05-02,WLX,Wallonia,3,55,11,7,0,1,0,Luxembourg
534,2020-05-02,WNA,Wallonia,6,115,24,16,4,4,5,Namur
535,2020-05-02,VOV,Flanders,14,349,86,44,2,13,8,OostVlaanderen
536,2020-05-02,VBR,Flanders,6,139,28,19,5,0,4,VlaamsBrabant
537,2020-05-02,WBR,Wallonia,2,34,10,7,0,0,0,BrabantWallon
538,2020-05-02,VWV,Flanders,11,352,72,39,3,4,17,WestVlaanderen
539,2020-05-03,VAN,Flanders,14,530,119,76,5,13,14,Antwerpen
540,2020-05-03,BRU,Brussels,15,540,120,82,14,8,16,Brussels
541,2020-05-03,WHT,Wallonia,14,428,74,50,7,8,6,Hainaut
542,2020-05-03,VLI,Flanders,7,253,57,32,3,11,2,Limburg
543,2020-05-03,WLG,Wallonia,12,269,65,40,0,3,11,Liège
544,2020-05-03,WLX,Wallonia,3,55,11,6,0,0,0,Luxembourg
545,2020-05-03,WNA,Wallonia,6,113,24,14,4,1,1,Namur
546,2020-05-03,VOV,Flanders,14,333,79,40,2,2,8,OostVlaanderen
547,2020-05-03,VBR,Flanders,6,140,28,18,5,4,2,VlaamsBrabant
548,2020-05-03,WBR,Wallonia,2,32,10,5,0,0,1,BrabantWallon
549,2020-05-03,VWV,Flanders,11,351,68,38,1,9,8,WestVlaanderen
550,2020-05-04,VAN,Flanders,14,534,118,71,4,13,19,Antwerpen
551,2020-05-04,BRU,Brussels,16,544,121,80,12,19,7,Brussels
552,2020-05-04,WHT,Wallonia,14,431,70,50,5,12,11,Hainaut
553,2020-05-04,VLI,Flanders,7,260,57,30,3,5,3,Limburg
554,2020-05-04,WLG,Wallonia,12,262,63,43,1,1,9,Liège
555,2020-05-04,WLX,Wallonia,3,51,11,6,0,0,1,Luxembourg
556,2020-05-04,WNA,Wallonia,6,121,23,14,4,6,2,Namur
557,2020-05-04,VOV,Flanders,14,346,74,38,2,14,8,OostVlaanderen
558,2020-05-04,VBR,Flanders,6,141,28,15,4,5,1,VlaamsBrabant
559,2020-05-04,WBR,Wallonia,2,39,11,5,0,1,0,BrabantWallon
560,2020-05-04,VWV,Flanders,11,353,70,35,0,8,2,WestVlaanderen
561,2020-05-05,VAN,Flanders,14,519,101,70,4,8,31,Antwerpen
562,2020-05-05,BRU,Brussels,15,502,109,77,14,18,46,Brussels
563,2020-05-05,WHT,Wallonia,14,389,60,47,5,28,58,Hainaut
564,2020-05-05,VLI,Flanders,7,251,53,29,3,24,23,Limburg
565,2020-05-05,WLG,Wallonia,12,229,59,33,1,4,33,Liège
566,2020-05-05,WLX,Wallonia,3,49,7,5,0,3,4,Luxembourg
567,2020-05-05,WNA,Wallonia,6,109,20,13,4,6,23,Namur
568,2020-05-05,VOV,Flanders,14,320,73,36,2,8,29,OostVlaanderen
569,2020-05-05,VBR,Flanders,6,132,27,17,5,6,13,VlaamsBrabant
570,2020-05-05,WBR,Wallonia,2,29,9,5,0,1,6,BrabantWallon
571,2020-05-05,VWV,Flanders,11,339,64,35,0,10,29,WestVlaanderen
572,2020-05-06,VAN,Flanders,14,532,98,67,4,27,27,Antwerpen
573,2020-05-06,BRU,Brussels,15,486,102,76,12,16,38,Brussels
574,2020-05-06,WHT,Wallonia,14,366,54,44,5,12,33,Hainaut
575,2020-05-06,VLI,Flanders,7,226,53,28,2,9,27,Limburg
576,2020-05-06,WLG,Wallonia,12,201,53,33,1,10,29,Liège
577,2020-05-06,WLX,Wallonia,3,45,7,5,0,0,4,Luxembourg
578,2020-05-06,WNA,Wallonia,6,104,20,14,3,2,5,Namur
579,2020-05-06,VOV,Flanders,14,293,68,39,2,7,21,OostVlaanderen
580,2020-05-06,VBR,Flanders,6,115,24,15,5,7,15,VlaamsBrabant
581,2020-05-06,WBR,Wallonia,2,27,7,5,0,2,5,BrabantWallon
582,2020-05-06,VWV,Flanders,11,304,56,33,1,6,40,WestVlaanderen
583,2020-05-07,VAN,Flanders,14,520,92,66,2,11,32,Antwerpen
584,2020-05-07,BRU,Brussels,15,452,94,68,12,18,51,Brussels
585,2020-05-07,WHT,Wallonia,14,344,50,39,6,21,33,Hainaut
586,2020-05-07,VLI,Flanders,7,218,50,30,2,8,17,Limburg
587,2020-05-07,WLG,Wallonia,12,190,54,31,1,8,18,Liège
588,2020-05-07,WLX,Wallonia,3,44,5,5,0,1,3,Luxembourg
589,2020-05-07,WNA,Wallonia,6,101,19,12,3,7,6,Namur
590,2020-05-07,VOV,Flanders,14,263,60,37,2,12,32,OostVlaanderen
591,2020-05-07,VBR,Flanders,6,109,24,15,4,6,2,VlaamsBrabant
592,2020-05-07,WBR,Wallonia,2,27,6,5,0,0,1,BrabantWallon
593,2020-05-07,VWV,Flanders,11,287,54,31,2,16,26,WestVlaanderen
594,2020-05-08,VAN,Flanders,14,459,88,60,2,11,57,Antwerpen
595,2020-05-08,BRU,Brussels,15,436,92,69,11,13,28,Brussels
596,2020-05-08,WHT,Wallonia,14,329,50,36,6,14,12,Hainaut
597,2020-05-08,VLI,Flanders,7,201,48,29,2,9,25,Limburg
598,2020-05-08,WLG,Wallonia,12,184,52,30,1,8,22,Liège
599,2020-05-08,WLX,Wallonia,3,39,6,5,0,0,5,Luxembourg
600,2020-05-08,WNA,Wallonia,6,94,18,12,3,4,8,Namur
601,2020-05-08,VOV,Flanders,14,245,60,33,2,5,16,OostVlaanderen
602,2020-05-08,VBR,Flanders,6,104,26,14,4,3,9,VlaamsBrabant
603,2020-05-08,WBR,Wallonia,2,23,7,5,0,0,3,BrabantWallon
604,2020-05-08,VWV,Flanders,11,267,55,35,1,8,25,WestVlaanderen
605,2020-05-09,VAN,Flanders,14,407,85,57,2,9,46,Antwerpen
606,2020-05-09,BRU,Brussels,15,433,94,61,10,16,32,Brussels
607,2020-05-09,WHT,Wallonia,14,298,47,32,6,8,33,Hainaut
608,2020-05-09,VLI,Flanders,7,176,42,23,2,10,25,Limburg
609,2020-05-09,WLG,Wallonia,12,171,46,30,1,5,17,Liège
610,2020-05-09,WLX,Wallonia,3,36,6,4,0,3,6,Luxembourg
611,2020-05-09,WNA,Wallonia,6,94,19,12,3,2,8,Namur
612,2020-05-09,VOV,Flanders,14,236,52,29,2,8,21,OostVlaanderen
613,2020-05-09,VBR,Flanders,6,99,25,14,4,7,13,VlaamsBrabant
614,2020-05-09,WBR,Wallonia,2,23,7,3,0,2,1,BrabantWallon
615,2020-05-09,VWV,Flanders,11,249,52,30,3,13,29,WestVlaanderen
616,2020-05-10,VAN,Flanders,14,409,86,55,1,6,15,Antwerpen
617,2020-05-10,BRU,Brussels,15,429,91,59,10,10,6,Brussels
618,2020-05-10,WHT,Wallonia,14,300,50,36,5,13,8,Hainaut
619,2020-05-10,VLI,Flanders,7,172,43,25,2,3,6,Limburg
620,2020-05-10,WLG,Wallonia,12,169,50,29,1,6,7,Liège
621,2020-05-10,WLX,Wallonia,3,34,5,4,0,0,2,Luxembourg
622,2020-05-10,WNA,Wallonia,6,95,19,11,3,3,1,Namur
623,2020-05-10,VOV,Flanders,14,238,52,29,2,10,2,OostVlaanderen
624,2020-05-10,VBR,Flanders,6,100,23,14,4,3,3,VlaamsBrabant
625,2020-05-10,WBR,Wallonia,2,25,7,3,0,2,0,BrabantWallon
626,2020-05-10,VWV,Flanders,11,251,51,31,3,4,5,WestVlaanderen
627,2020-05-11,VAN,Flanders,14,418,88,57,2,7,5,Antwerpen
628,2020-05-11,BRU,Brussels,15,416,89,59,11,9,10,Brussels
629,2020-05-11,WHT,Wallonia,14,307,47,33,5,2,4,Hainaut
630,2020-05-11,VLI,Flanders,7,176,41,19,2,10,4,Limburg
631,2020-05-11,WLG,Wallonia,12,181,49,27,0,3,3,Liège
632,2020-05-11,WLX,Wallonia,3,34,5,4,0,0,0,Luxembourg
633,2020-05-11,WNA,Wallonia,6,94,19,9,3,2,1,Namur
634,2020-05-11,VOV,Flanders,14,225,50,29,2,0,5,OostVlaanderen
635,2020-05-11,VBR,Flanders,6,97,21,12,4,3,2,VlaamsBrabant
636,2020-05-11,WBR,Wallonia,2,26,7,2,0,1,0,BrabantWallon
637,2020-05-11,VWV,Flanders,11,256,49,31,3,6,1,WestVlaanderen
638,2020-05-12,VAN,Flanders,14,400,81,60,2,13,29,Antwerpen
639,2020-05-12,BRU,Brussels,15,373,83,58,9,9,48,Brussels
640,2020-05-12,WHT,Wallonia,14,281,44,28,5,12,39,Hainaut
641,2020-05-12,VLI,Flanders,7,164,36,19,2,4,17,Limburg
642,2020-05-12,WLG,Wallonia,12,173,41,25,0,8,12,Liège
643,2020-05-12,WLX,Wallonia,3,34,4,3,0,1,0,Luxembourg
644,2020-05-12,WNA,Wallonia,6,90,16,10,3,2,10,Namur
645,2020-05-12,VOV,Flanders,14,211,50,26,2,9,24,OostVlaanderen
646,2020-05-12,VBR,Flanders,6,88,20,12,4,3,8,VlaamsBrabant
647,2020-05-12,WBR,Wallonia,2,25,7,2,0,1,1,BrabantWallon
648,2020-05-12,VWV,Flanders,11,246,45,27,3,8,18,WestVlaanderen
649,2020-05-13,VAN,Flanders,14,381,77,47,1,12,24,Antwerpen
650,2020-05-13,BRU,Brussels,15,360,78,49,9,10,22,Brussels
651,2020-05-13,WHT,Wallonia,14,265,40,29,4,14,25,Hainaut
652,2020-05-13,VLI,Flanders,7,146,35,18,2,6,19,Limburg
653,2020-05-13,WLG,Wallonia,12,162,41,22,0,7,12,Liège
654,2020-05-13,WLX,Wallonia,3,34,4,3,0,2,1,Luxembourg
655,2020-05-13,WNA,Wallonia,6,81,14,8,3,5,3,Namur
656,2020-05-13,VOV,Flanders,14,204,48,25,2,8,16,OostVlaanderen
657,2020-05-13,VBR,Flanders,6,71,18,12,4,4,14,VlaamsBrabant
658,2020-05-13,WBR,Wallonia,2,17,6,2,0,0,7,BrabantWallon
659,2020-05-13,VWV,Flanders,11,245,46,24,3,13,30,WestVlaanderen
660,2020-05-14,VAN,Flanders,14,354,68,49,1,10,33,Antwerpen
661,2020-05-14,BRU,Brussels,15,330,71,46,6,5,37,Brussels
662,2020-05-14,WHT,Wallonia,14,252,41,30,4,12,31,Hainaut
663,2020-05-14,VLI,Flanders,7,134,30,16,1,3,14,Limburg
664,2020-05-14,WLG,Wallonia,12,158,39,20,1,5,14,Liège
665,2020-05-14,WLX,Wallonia,3,34,3,3,0,2,1,Luxembourg
666,2020-05-14,WNA,Wallonia,6,86,15,8,3,4,3,Namur
667,2020-05-14,VOV,Flanders,14,184,47,21,2,8,20,OostVlaanderen
668,2020-05-14,VBR,Flanders,6,69,18,11,3,1,9,VlaamsBrabant
669,2020-05-14,WBR,Wallonia,2,17,4,2,0,0,2,BrabantWallon
670,2020-05-14,VWV,Flanders,11,244,44,25,3,17,26,WestVlaanderen
671,2020-05-15,VAN,Flanders,14,337,66,43,0,10,24,Antwerpen
672,2020-05-15,BRU,Brussels,15,298,66,45,7,14,23,Brussels
673,2020-05-15,WHT,Wallonia,14,236,38,22,2,7,24,Hainaut
674,2020-05-15,VLI,Flanders,7,125,28,15,1,6,14,Limburg
675,2020-05-15,WLG,Wallonia,12,141,37,22,1,5,16,Liège
676,2020-05-15,WLX,Wallonia,3,31,3,3,0,1,4,Luxembourg
677,2020-05-15,WNA,Wallonia,6,82,16,11,3,2,11,Namur
678,2020-05-15,VOV,Flanders,14,173,46,20,2,4,14,OostVlaanderen
679,2020-05-15,VBR,Flanders,6,74,17,10,3,3,5,VlaamsBrabant
680,2020-05-15,WBR,Wallonia,2,17,4,2,0,1,2,BrabantWallon
681,2020-05-15,VWV,Flanders,11,236,43,26,3,12,22,WestVlaanderen
682,2020-05-16,VAN,Flanders,14,298,61,41,0,9,33,Antwerpen
683,2020-05-16,BRU,Brussels,15,301,64,42,5,12,27,Brussels
684,2020-05-16,WHT,Wallonia,14,220,37,22,2,11,26,Hainaut
685,2020-05-16,VLI,Flanders,7,116,28,14,1,4,13,Limburg
686,2020-05-16,WLG,Wallonia,12,138,34,19,1,10,13,Liège
687,2020-05-16,WLX,Wallonia,3,29,4,3,0,1,2,Luxembourg
688,2020-05-16,WNA,Wallonia,6,79,14,7,3,2,7,Namur
689,2020-05-16,VOV,Flanders,14,157,42,17,1,3,24,OostVlaanderen
690,2020-05-16,VBR,Flanders,6,54,15,9,3,2,6,VlaamsBrabant
691,2020-05-16,WBR,Wallonia,2,14,4,3,0,0,3,BrabantWallon
692,2020-05-16,VWV,Flanders,11,219,42,21,3,6,16,WestVlaanderen
693,2020-05-17,VAN,Flanders,14,296,67,38,0,2,4,Antwerpen
694,2020-05-17,BRU,Brussels,15,288,64,41,5,3,6,Brussels
695,2020-05-17,WHT,Wallonia,14,227,37,22,2,6,1,Hainaut
696,2020-05-17,VLI,Flanders,7,118,25,13,1,6,1,Limburg
697,2020-05-17,WLG,Wallonia,12,136,35,18,1,2,0,Liège
698,2020-05-17,WLX,Wallonia,3,30,3,3,0,1,0,Luxembourg
699,2020-05-17,WNA,Wallonia,6,72,14,7,3,1,6,Namur
700,2020-05-17,VOV,Flanders,14,154,38,16,1,9,5,OostVlaanderen
701,2020-05-17,VBR,Flanders,6,54,14,9,3,2,1,VlaamsBrabant
702,2020-05-17,WBR,Wallonia,2,16,4,2,0,0,0,BrabantWallon
703,2020-05-17,VWV,Flanders,11,223,41,21,1,11,3,WestVlaanderen
704,2020-05-18,VAN,Flanders,14,296,68,41,0,5,2,Antwerpen
705,2020-05-18,BRU,Brussels,15,281,66,42,6,12,16,Brussels
706,2020-05-18,WHT,Wallonia,14,228,37,22,3,5,6,Hainaut
707,2020-05-18,VLI,Flanders,7,122,28,13,1,4,0,Limburg
708,2020-05-18,WLG,Wallonia,12,135,31,15,1,2,5,Liège
709,2020-05-18,WLX,Wallonia,3,31,3,3,0,1,0,Luxembourg
710,2020-05-18,WNA,Wallonia,6,72,13,6,3,3,0,Namur
711,2020-05-18,VOV,Flanders,14,156,39,15,1,4,1,OostVlaanderen
712,2020-05-18,VBR,Flanders,6,58,13,9,3,3,0,VlaamsBrabant
713,2020-05-18,WBR,Wallonia,2,16,4,3,0,0,0,BrabantWallon
714,2020-05-18,VWV,Flanders,11,235,43,22,1,11,0,WestVlaanderen
715,2020-05-19,VAN,Flanders,14,275,58,34,0,8,27,Antwerpen
716,2020-05-19,BRU,Brussels,15,272,62,40,4,9,30,Brussels
717,2020-05-19,WHT,Wallonia,14,213,32,16,2,6,23,Hainaut
718,2020-05-19,VLI,Flanders,7,107,24,14,1,5,12,Limburg
719,2020-05-19,WLG,Wallonia,12,131,29,13,1,2,16,Liège
720,2020-05-19,WLX,Wallonia,3,28,3,3,0,0,1,Luxembourg
721,2020-05-19,WNA,Wallonia,6,66,12,3,2,4,5,Namur
722,2020-05-19,VOV,Flanders,14,142,34,13,2,6,18,OostVlaanderen
723,2020-05-19,VBR,Flanders,6,48,15,9,2,5,12,VlaamsBrabant
724,2020-05-19,WBR,Wallonia,2,14,4,3,0,1,3,BrabantWallon
725,2020-05-19,VWV,Flanders,11,231,40,21,0,12,13,WestVlaanderen
726,2020-05-20,VAN,Flanders,14,253,55,33,0,7,25,Antwerpen
727,2020-05-20,BRU,Brussels,15,268,51,33,5,10,30,Brussels
728,2020-05-20,WHT,Wallonia,14,197,26,12,2,10,16,Hainaut
729,2020-05-20,VLI,Flanders,7,109,21,14,0,10,5,Limburg
730,2020-05-20,WLG,Wallonia,12,116,24,12,1,1,17,Liège
731,2020-05-20,WLX,Wallonia,3,25,2,2,0,0,2,Luxembourg
732,2020-05-20,WNA,Wallonia,6,68,12,4,2,7,5,Namur
733,2020-05-20,VOV,Flanders,14,138,32,13,2,6,9,OostVlaanderen
734,2020-05-20,VBR,Flanders,6,35,11,7,2,1,9,VlaamsBrabant
735,2020-05-20,WBR,Wallonia,2,13,3,3,0,2,0,BrabantWallon
736,2020-05-20,VWV,Flanders,11,226,40,21,1,17,23,WestVlaanderen
737,2020-05-21,VAN,Flanders,14,230,49,29,0,4,23,Antwerpen
738,2020-05-21,BRU,Brussels,15,258,51,35,5,6,21,Brussels
739,2020-05-21,WHT,Wallonia,14,182,21,12,2,2,19,Hainaut
740,2020-05-21,VLI,Flanders,7,114,20,14,0,17,7,Limburg
741,2020-05-21,WLG,Wallonia,12,117,24,11,1,5,12,Liège
742,2020-05-21,WLX,Wallonia,3,24,2,2,0,0,5,Luxembourg
743,2020-05-21,WNA,Wallonia,6,68,16,5,2,4,5,Namur
744,2020-05-21,VOV,Flanders,14,132,30,12,1,5,19,OostVlaanderen
745,2020-05-21,VBR,Flanders,6,31,12,6,3,0,2,VlaamsBrabant
746,2020-05-21,WBR,Wallonia,2,14,3,3,0,1,0,BrabantWallon
747,2020-05-21,VWV,Flanders,11,218,40,18,1,12,22,WestVlaanderen
748,2020-05-22,VAN,Flanders,14,227,48,29,0,5,3,Antwerpen
749,2020-05-22,BRU,Brussels,15,264,56,42,6,6,12,Brussels
750,2020-05-22,WHT,Wallonia,14,166,18,10,2,4,2,Hainaut
751,2020-05-22,VLI,Flanders,7,104,20,15,0,3,2,Limburg
752,2020-05-22,WLG,Wallonia,12,116,23,9,2,3,3,Liège
753,2020-05-22,WLX,Wallonia,3,26,2,2,0,1,0,Luxembourg
754,2020-05-22,WNA,Wallonia,6,65,11,6,2,0,2,Namur
755,2020-05-22,VOV,Flanders,14,132,28,11,1,6,2,OostVlaanderen
756,2020-05-22,VBR,Flanders,6,31,12,5,3,0,2,VlaamsBrabant
757,2020-05-22,WBR,Wallonia,2,14,3,3,0,0,0,BrabantWallon
758,2020-05-22,VWV,Flanders,11,215,38,17,1,6,4,WestVlaanderen
759,2020-05-23,VAN,Flanders,14,219,48,27,0,5,18,Antwerpen
760,2020-05-23,BRU,Brussels,15,251,54,39,5,7,21,Brussels
761,2020-05-23,WHT,Wallonia,14,161,16,9,2,6,15,Hainaut
762,2020-05-23,VLI,Flanders,7,110,18,15,0,7,10,Limburg
763,2020-05-23,WLG,Wallonia,12,106,23,10,2,6,18,Liège
764,2020-05-23,WLX,Wallonia,3,20,2,2,0,0,5,Luxembourg
765,2020-05-23,WNA,Wallonia,6,59,13,5,1,2,4,Namur
766,2020-05-23,VOV,Flanders,14,118,29,10,1,4,15,OostVlaanderen
767,2020-05-23,VBR,Flanders,6,35,11,5,3,4,0,VlaamsBrabant
768,2020-05-23,WBR,Wallonia,2,12,2,2,0,0,1,BrabantWallon
769,2020-05-23,VWV,Flanders,11,205,40,19,1,7,10,WestVlaanderen
770,2020-05-24,VAN,Flanders,14,215,46,25,0,5,6,Antwerpen
771,2020-05-24,BRU,Brussels,15,255,55,38,5,4,5,Brussels
772,2020-05-24,WHT,Wallonia,14,159,15,9,2,6,4,Hainaut
773,2020-05-24,VLI,Flanders,7,107,19,14,0,2,2,Limburg
774,2020-05-24,WLG,Wallonia,12,108,22,9,2,1,1,Liège
775,2020-05-24,WLX,Wallonia,3,23,2,2,0,0,0,Luxembourg
776,2020-05-24,WNA,Wallonia,6,59,11,5,1,1,0,Namur
777,2020-05-24,VOV,Flanders,14,118,27,8,1,2,1,OostVlaanderen
778,2020-05-24,VBR,Flanders,6,34,11,5,3,0,0,VlaamsBrabant
779,2020-05-24,WBR,Wallonia,2,11,2,2,0,0,1,BrabantWallon
780,2020-05-24,VWV,Flanders,11,217,41,17,1,6,5,WestVlaanderen
781,2020-05-25,VAN,Flanders,14,219,44,27,0,8,2,Antwerpen
782,2020-05-25,BRU,Brussels,15,249,57,34,4,6,11,Brussels
783,2020-05-25,WHT,Wallonia,14,155,15,9,1,3,2,Hainaut
784,2020-05-25,VLI,Flanders,7,115,19,13,0,13,2,Limburg
785,2020-05-25,WLG,Wallonia,12,107,22,9,2,1,1,Liège
786,2020-05-25,WLX,Wallonia,3,24,2,1,0,0,0,Luxembourg
787,2020-05-25,WNA,Wallonia,6,56,11,5,1,0,1,Namur
788,2020-05-25,VOV,Flanders,14,118,26,7,1,1,1,OostVlaanderen
789,2020-05-25,VBR,Flanders,6,32,11,4,3,1,0,VlaamsBrabant
790,2020-05-25,WBR,Wallonia,2,10,1,1,0,0,1,BrabantWallon
791,2020-05-25,VWV,Flanders,11,217,41,19,1,6,2,WestVlaanderen
792,2020-05-26,VAN,Flanders,14,186,38,22,0,4,13,Antwerpen
793,2020-05-26,BRU,Brussels,15,238,51,31,3,5,15,Brussels
794,2020-05-26,WHT,Wallonia,14,133,15,9,1,4,29,Hainaut
795,2020-05-26,VLI,Flanders,7,93,18,11,0,0,6,Limburg
796,2020-05-26,WLG,Wallonia,12,104,20,10,2,6,10,Liège
797,2020-05-26,WLX,Wallonia,3,27,1,0,0,5,2,Luxembourg
798,2020-05-26,WNA,Wallonia,6,36,9,4,1,1,20,Namur
799,2020-05-26,VOV,Flanders,14,104,27,7,1,5,16,OostVlaanderen
800,2020-05-26,VBR,Flanders,6,28,10,4,3,0,3,VlaamsBrabant
801,2020-05-26,WBR,Wallonia,2,6,1,1,0,0,2,BrabantWallon
802,2020-05-26,VWV,Flanders,11,193,33,15,1,6,29,WestVlaanderen
803,2020-05-27,VAN,Flanders,14,174,39,21,1,5,16,Antwerpen
804,2020-05-27,BRU,Brussels,15,205,45,22,2,9,16,Brussels
805,2020-05-27,WHT,Wallonia,14,111,10,6,1,3,20,Hainaut
806,2020-05-27,VLI,Flanders,7,86,19,13,0,6,12,Limburg
807,2020-05-27,WLG,Wallonia,12,97,20,10,2,3,7,Liège
808,2020-05-27,WLX,Wallonia,3,25,2,1,0,3,3,Luxembourg
809,2020-05-27,WNA,Wallonia,6,37,10,5,1,2,2,Namur
810,2020-05-27,VOV,Flanders,14,97,26,6,1,5,12,OostVlaanderen
811,2020-05-27,VBR,Flanders,6,28,7,4,3,3,4,VlaamsBrabant
812,2020-05-27,WBR,Wallonia,2,5,1,0,0,0,1,BrabantWallon
813,2020-05-27,VWV,Flanders,11,183,30,13,1,10,15,WestVlaanderen
814,2020-05-28,VAN,Flanders,14,145,38,19,1,4,24,Antwerpen
815,2020-05-28,BRU,Brussels,15,195,40,18,3,2,13,Brussels
816,2020-05-28,WHT,Wallonia,14,98,8,6,1,2,12,Hainaut
817,2020-05-28,VLI,Flanders,7,77,16,13,0,5,8,Limburg
818,2020-05-28,WLG,Wallonia,12,92,19,8,2,4,5,Liège
819,2020-05-28,WLX,Wallonia,3,17,3,1,0,0,6,Luxembourg
820,2020-05-28,WNA,Wallonia,6,32,8,4,1,0,6,Namur
821,2020-05-28,VOV,Flanders,14,94,26,7,1,3,7,OostVlaanderen
822,2020-05-28,VBR,Flanders,6,25,6,4,3,0,4,VlaamsBrabant
823,2020-05-28,WBR,Wallonia,2,5,1,0,0,0,0,BrabantWallon
824,2020-05-28,VWV,Flanders,11,157,22,10,0,7,24,WestVlaanderen
825,2020-05-29,VAN,Flanders,14,134,37,20,1,5,17,Antwerpen
826,2020-05-29,BRU,Brussels,15,187,38,18,2,5,19,Brussels
827,2020-05-29,WHT,Wallonia,14,93,9,6,1,5,15,Hainaut
828,2020-05-29,VLI,Flanders,7,72,17,10,0,3,5,Limburg
829,2020-05-29,WLG,Wallonia,12,91,13,8,2,4,11,Liège
830,2020-05-29,WLX,Wallonia,3,13,2,1,0,0,3,Luxembourg
831,2020-05-29,WNA,Wallonia,6,28,5,2,1,1,3,Namur
832,2020-05-29,VOV,Flanders,14,97,25,7,1,3,1,OostVlaanderen
833,2020-05-29,VBR,Flanders,6,23,6,4,3,0,2,VlaamsBrabant
834,2020-05-29,WBR,Wallonia,2,3,1,0,0,0,0,BrabantWallon
835,2020-05-29,VWV,Flanders,11,149,20,9,0,3,11,WestVlaanderen
836,2020-05-30,VAN,Flanders,14,117,36,16,1,8,23,Antwerpen
837,2020-05-30,BRU,Brussels,15,184,39,21,3,3,12,Brussels
838,2020-05-30,WHT,Wallonia,14,85,8,5,1,7,19,Hainaut
839,2020-05-30,VLI,Flanders,7,71,16,11,0,5,8,Limburg
840,2020-05-30,WLG,Wallonia,12,81,12,7,2,2,14,Liège
841,2020-05-30,WLX,Wallonia,3,12,2,1,0,0,1,Luxembourg
842,2020-05-30,WNA,Wallonia,6,25,5,3,0,1,1,Namur
843,2020-05-30,VOV,Flanders,14,89,24,7,1,2,13,OostVlaanderen
844,2020-05-30,VBR,Flanders,6,18,2,1,0,0,1,VlaamsBrabant
845,2020-05-30,WBR,Wallonia,2,2,1,0,0,0,1,BrabantWallon
846,2020-05-30,VWV,Flanders,11,137,23,12,0,12,25,WestVlaanderen
847,2020-05-31,VAN,Flanders,14,118,37,18,1,6,5,Antwerpen
848,2020-05-31,BRU,Brussels,15,177,40,21,3,3,7,Brussels
849,2020-05-31,WHT,Wallonia,14,85,9,5,1,0,0,Hainaut
850,2020-05-31,VLI,Flanders,7,68,15,10,0,2,5,Limburg
851,2020-05-31,WLG,Wallonia,12,84,12,7,2,2,4,Liège
852,2020-05-31,WLX,Wallonia,3,13,2,1,0,1,0,Luxembourg
853,2020-05-31,WNA,Wallonia,6,22,4,3,0,1,1,Namur
854,2020-05-31,VOV,Flanders,14,92,20,6,1,4,3,OostVlaanderen
855,2020-05-31,VBR,Flanders,6,17,2,1,0,1,0,VlaamsBrabant
856,2020-05-31,WBR,Wallonia,2,2,1,0,0,0,0,BrabantWallon
857,2020-05-31,VWV,Flanders,11,138,22,11,0,5,8,WestVlaanderen
858,2020-06-01,VAN,Flanders,14,116,34,15,1,2,2,Antwerpen
859,2020-06-01,BRU,Brussels,15,182,42,23,3,7,3,Brussels
860,2020-06-01,WHT,Wallonia,14,84,8,5,1,3,2,Hainaut
861,2020-06-01,VLI,Flanders,7,68,16,11,0,3,1,Limburg
862,2020-06-01,WLG,Wallonia,12,80,12,8,2,1,0,Liège
863,2020-06-01,WLX,Wallonia,3,14,3,1,0,1,0,Luxembourg
864,2020-06-01,WNA,Wallonia,6,22,4,3,0,0,0,Namur
865,2020-06-01,VOV,Flanders,14,93,20,7,1,2,4,OostVlaanderen
866,2020-06-01,VBR,Flanders,6,16,2,1,0,0,1,VlaamsBrabant
867,2020-06-01,WBR,Wallonia,2,2,1,0,0,0,0,BrabantWallon
868,2020-06-01,VWV,Flanders,11,142,24,12,0,7,1,WestVlaanderen
